"entidad","nit_entidad","departamento_entidad","ciudad_entidad","ordenentidad","codigo_pci","id_del_proceso","referencia_del_proceso","ppi","id_del_portafolio","nombre_del_procedimiento","descripci_n_del_procedimiento","fase","fecha_de_publicacion_del","fecha_de_ultima_publicaci","fecha_de_publicacion_fase","fecha_de_publicacion_fase_1","fecha_de_publicacion","fecha_de_publicacion_fase_2","fecha_de_publicacion_fase_3","precio_base","modalidad_de_contratacion","justificaci_n_modalidad_de","duracion","unidad_de_duracion","fecha_de_recepcion_de","fecha_de_apertura_de_respuesta","fecha_de_apertura_efectiva","ciudad_de_la_unidad_de","nombre_de_la_unidad_de","proveedores_invitados","proveedores_con_invitacion","visualizaciones_del","proveedores_que_manifestaron","respuestas_al_procedimiento","respuestas_externas","conteo_de_respuestas_a_ofertas","proveedores_unicos_con","numero_de_lotes","estado_del_procedimiento","id_estado_del_procedimiento","adjudicado","id_adjudicacion","codigoproveedor","departamento_proveedor","ciudad_proveedor","fecha_adjudicacion","valor_total_adjudicacion","nombre_del_adjudicador","nombre_del_proveedor","nit_del_proveedor_adjudicado","codigo_principal_de_categoria","estado_de_apertura_del_proceso","tipo_de_contrato","subtipo_de_contrato","categorias_adicionales","urlproceso","codigo_entidad","estado_resumen"
"EMPRESAS PUBLICAS DE MEDELLIN E.S.P.","890904996","Antioquia","Medellín","Territorial","Centralizada","CO1.REQ.5460543","CW285367","705911287","CO1.BDOS.5342231","Prestación de Servicios de Salud a los afiliados de EPM","No definido","Presentación de oferta","2023-12-27T00:00:00.000","2023-12-27T00:00:00.000",,,,,"2023-12-27T00:00:00.000","0","Contratación régimen especial","Regla aplicable","0","día(s)",,,,"Medellín","Unidad servicio médico","0","0","0","0","0","0","0","0","0","Publicado","50","No","No Adjudicado","No Definido","No Definido","No Definido",,"0","No Adjudicado","No Definido","No Definido","V1.85122201","Abierto","Prestación de servicios","No Definido","No definido","https://community.secop.gov.co/Public/Tendering/OpportunityDetail/Index?noticeUID=CO1.NTC.5356296","705911287","Presentación de oferta"
"CORPORACION AUTONOMA REGIONAL DE NARIÑO","891222322","Nariño","Pasto","Corporación Autónoma","Centralizada","CO1.REQ.2654728","CDPS 142 DE 2022","702231408","CO1.BDOS.2581090","CDPS 142 DE 2022","Contratación de un profesional 1 en el área del Derecho para el apoyo de actuaciones jurídicas en la Oficina Jurídica vigencia 2022.","Presentación de oferta","2022-01-17T00:00:00.000","2022-01-17T00:00:00.000",,,,,"2022-01-17T00:00:00.000","11500000","Contratación directa","Servicios profesionales y apoyo a la gestión","0","día(s)",,,,"Pasto","Gestión Contractual","0","0","0","0","0","0","0","0","0","Seleccionado","70","No","No Adjudicado","714278157","Nariño","Pasto",,"0","No Adjudicado","ANGELA MARTINEZ ORDOÑEZ","1086923776","V1.80111600","Abierto","Prestación de servicios","No Definido","No definido","https://community.secop.gov.co/Public/Tendering/OpportunityDetail/Index?noticeUID=CO1.NTC.2583849","702231408","Adjudicado"
"SUBRED INTEGRADA DE SERVICIOS DE SALUD SUR E.S.E.","900958564","Distrito Capital de Bogotá","Bogotá","Territorial","Centralizada","CO1.REQ.1998867","5093-2021","702730482","CO1.BDOS.1945328","AMADO REYES SANDRA PATRICIA","PRESTAR SERVICIOS DE APOYO COMO PROFESIONAL ESPECIALIZADO 2 COMO REFERENTE   PARA EL ENTORNO EDUCATIVO EN EL MARCO DEL CONVENO PSPIC NO. 2353086-2021 ENTRE FONDO FINANCIERO DISTRITAL DE SALUD-FFDS Y LA SUBRED INTEGRADA DE SERVICIOS DE SALUD SUR E.S.E.","Presentación de oferta","2021-04-28T00:00:00.000","2021-04-28T00:00:00.000",,,,,"2021-04-28T00:00:00.000","11719976","Contratación régimen especial","Regla aplicable","61","día(s)",,,,"Bogotá","DIRECCIÓN  DE CONTRATACIÓN","0","0","0","0","0","0","0","0","0","Seleccionado","70","No","No Adjudicado","703340547","Cundinamarca","Madrid",,"0","No Adjudicado","SANDRA PATRICIA AMADO REYES","52173619","V1.80111701","Abierto","Prestación de servicios","No Definido","No definido","https://community.secop.gov.co/Public/Tendering/OpportunityDetail/Index?noticeUID=CO1.NTC.1942861","702730482","Adjudicado"
"EMPRESA PUEBLORRIQUEÑA DE ACUEDUCTO, ALCANTARILLADO Y ASEO S.A E.S.P","900182397","Antioquia","Pueblorrico","Territorial","Centralizada","CO1.REQ.4547903","040-2023","718725476","CO1.BDOS.4445753","suministros  040-2023","Suministro  y dotación de uniformes y prendas de vestir (Jeans, camisetas manga larga, gorras y bota con puntera) para los empleados operativos  y camisas institucionales para todo el personal de la de la Empresa Pueblorriqueña de Acueducto, Alcantarillado y Aseo S.A. E.S.P.","Presentación de oferta","2023-05-19T00:00:00.000","2023-05-19T00:00:00.000",,,,,"2023-05-19T00:00:00.000","13450000","Contratación régimen especial","Regla aplicable","232","día(s)",,,,"Pueblorrico","Administrativa","0","0","0","0","0","0","0","0","0","Seleccionado","70","No","No Adjudicado","708006655","Antioquia","Medellín",,"0","No Adjudicado","Dotaciones y uniformes industriales S&M S.A.S.","901107513","V1.53102700","Abierto","Suministros","No Definido","No definido","https://community.secop.gov.co/Public/Tendering/OpportunityDetail/Index?noticeUID=CO1.NTC.4449343","718725476","Adjudicado"
"SECRETARIA DISTRITAL DEL HABITAT","899999061","Distrito Capital de Bogotá","No Definido","Territorial","Centralizada","CO1.REQ.1832799","297-2021","701149171","CO1.BDOS.1782670","PRESTACIÓN DE SERVICIOS PROFESIONALES","PRESTAR SERVICIOS PROFESIONALES COMO COMUNICADOR SOCIAL PARA APOYAR LA ESTRATEGIA DE COMUNICACIÓN INTERNA DE LA SDHT, A TRAVÉS DE LA DIVULGACIÓN DE LAS POLÍTICAS, PROGRAMAS Y PROYECTOS DE LA ENTIDAD.","Presentación de oferta","2021-02-18T00:00:00.000","2021-02-18T00:00:00.000",,,,,"2021-02-18T00:00:00.000","52500000","Contratación directa","Servicios profesionales y apoyo a la gestión","315","día(s)",,,,"Bogotá","CONTRATACION","0","0","0","0","0","0","0","0","0","Seleccionado","60","No","No Adjudicado","No Definido","No Definido","No Definido",,"0","No Adjudicado","No Definido","No Definido","V1.80111701","Abierto","Prestación de servicios","No Definido","No definido","https://community.secop.gov.co/Public/Tendering/OpportunityDetail/Index?noticeUID=CO1.NTC.1778978","701149171","Adjudicado"
"HOSPITAL NAVAL DE CARTAGENA","9015410214","Bolívar","Cartagena","Nacional","Centralizada","CO1.REQ.5147202","557-MDN-DIGSA-DISAN-HONAC-ARC-2023","701724114","CO1.BDOS.5033857","AUDITORA","CONTRATAR LA PRESTACION DE SERVICIOS PROFESIONALES COMO AUDITOR DE CALIDAD Y/O GESTOR DE PROCESOS PARA COADYUVAR EN LAS ACTIVIDADES DESARROLLADAS EN EL AREA DE AUDITORIA INTERNA DEL HOSPITAL NAVAL NIVEL III CARTAGENA Y LOS CENTROS DE ATENCIÓN BLAS DE LEZO, CRESPO Y LA REGIONAL NORTE","Presentación de oferta","2023-10-10T00:00:00.000","2023-10-10T00:00:00.000",,,,,"2023-10-10T00:00:00.000","14374248","Contratación directa","Servicios profesionales y apoyo a la gestión","5","Mes(es)",,,,"Cartagena","Grupo de Contratos","0","0","0","0","0","0","0","0","0","Seleccionado","70","No","No Adjudicado","709030951","Bolívar","Cartagena",,"0","No Adjudicado","MARILIN CANTILLO MUÑIZ","23191918","V1.85101707","Abierto","Prestación de servicios","No Definido","No definido","https://community.secop.gov.co/Public/Tendering/OpportunityDetail/Index?noticeUID=CO1.NTC.5049700","701724114","Adjudicado"
"ALCALDIA  MUNICIPIO DE IBAGUE","800113389","Tolima","Ibagué","Territorial","Centralizada","CO1.REQ.851034","AI-SAMC-0044-2019 (Manifestación de interés (Menor Cuantía)) (Presentación de oferta)","700787393","CO1.BDOS.813884","AI-SAMC-0044-2019 (Manifestación de interés (Menor Cuantía)) (Presentación de oferta)","CONTRATAR A MONTO AGOTABLE LA PRESTACIÓN DE SERVICIOS DE LOGISTICA CON EL FIN DE DESARROLLAR DIVERSAS ACTIVIDADES DENTRO DE LOS PROGRAMAS  MUJER Y EQUIDAD DE GÉNERO, UNA MIRADA DE DERECHOS HACIA LA DISCAPACIDAD CON TODO EL CORAZON, ATENCION INTEGRAL AL HABITANTE DE CALLE CON CORAZON EQUIDAD E INCLUSION SOCIAL, FORTALECIMIENTO DE LOS LINEAMIENTOS Y ESTRATEGIAS PARA LA ATENCION Y ORIENTACION A LAS VICTIMAS DEL CONFLICTO ARMADO EN EL MUNICIPIO DE IBAGUE,  CON TODO EL CORAZON IBAGUE TRABAJA ...","Presentación de oferta","2019-05-02T00:00:00.000","2019-05-02T00:00:00.000",,,,,"2019-05-02T00:00:00.000","512000000","Selección Abreviada de Menor Cuantía","Presupuesto menor al 10% de la Menor Cuantía","7","Mes(es)","2019-05-06T00:00:00.000","2019-05-06T00:00:00.000",,"Ibagué","DIRECCIÓN DE CONTRATACIÓN VIGENCIA 2016-2019","12","12","0","0","4","0","0","4","4","Cancelado","100","No","No Adjudicado","No Definido","No Definido","No Definido",,"0","No Adjudicado","No Definido","No Definido","V1.93141701","Cerrado","Prestación de servicios","No Definido","V180141607","https://community.secop.gov.co/Public/Tendering/OpportunityDetail/Index?noticeUID=CO1.NTC.817439","700787393","Presentación de oferta"
"SENADO DE LA REPÚBLICA","899999103","Distrito Capital de Bogotá","Bogotá","Nacional","Centralizada","CO1.REQ.2339571","CDPS-SEN-01340-2021","701428641","CO1.BDOS.2276580","Realizar una Capacitación sobre temas relacionados con Derecho Laboral Administrativo y Disciplinario.","EL CONTRATISTA se obliga para con el Senado de la República a la prestación de servicios de apoyo a la gestión realizando una Capacitación sobre temas relacionados con Derecho Laboral Administrativo y Disciplinario.","Presentación de oferta","2021-09-28T00:00:00.000","2021-09-28T00:00:00.000",,,,,"2021-09-28T00:00:00.000","20000000","Contratación directa","Servicios profesionales y apoyo a la gestión","3","Mes(es)",,,,"Bogotá","DIRECCIÓN GENERAL ADMINISTRATIVA","0","0","0","0","0","0","0","0","0","Seleccionado","70","No","No Adjudicado","705521912","Distrito Capital de Bogotá","Bogotá",,"0","No Adjudicado","ALDESARROLLO (PROVEEDOR)","901100455","V1.80111500","Abierto","Prestación de servicios","No Definido","No definido","https://community.secop.gov.co/Public/Tendering/OpportunityDetail/Index?noticeUID=CO1.NTC.2279679","701428641","Adjudicado"
"ALCALDIA MUNICIPAL DE BARBOSA SANTANDER","890206033","Santander","Barbosa","Territorial","Centralizada","CO1.REQ.5287555","CPS - 199 - 2023","703446047","CO1.BDOS.5167645","CPS - 199 - 2023","prestación de servicios de apoyo a la gestión en el desarrollo de actividades que se derivan del fortalecimiento de la autoridad sanitaria enmarcada en el plan decenal de salud pública y plan territorial en salud","Presentación de oferta","2023-11-16T00:00:00.000","2023-11-16T00:00:00.000",,,,,"2023-11-16T00:00:00.000","2585502","Contratación directa","Servicios profesionales y apoyo a la gestión","40","día(s)",,,,"Barbosa","Secretaria de Salud","0","0","0","0","0","0","0","0","0","Seleccionado","70","No","No Adjudicado","718301591","Santander","Barbosa",,"0","No Adjudicado","Laura Cristina Franco Medina","1005219513","UNSPECIFIED","Abierto","Prestación de servicios","No Definido","No definido","https://community.secop.gov.co/Public/Tendering/OpportunityDetail/Index?noticeUID=CO1.NTC.5184306","703446047","Adjudicado"
"SENA REGIONAL META Grupo de Apoyo Administrativo Mixto","899999034","Meta","No Definido","Nacional","Centralizada","CO1.REQ.3980633","PSP-RM-9117-018-2023","704156108","CO1.BDOS.3884481","Instructores Regular","Prestar servicios personales de carácter temporal para orientar acciones de formación  en los programas ofertados por el Centro Agroindustrial del Meta de la Línea Presupuestal Regular en los niveles de Titulada, completamentaria y/o virtual de acuerdo a su perfil profesional y diseño curricular en ejecución.","Presentación de oferta","2023-01-31T00:00:00.000","2023-01-31T00:00:00.000",,,,,"2023-01-31T00:00:00.000","1156090000","Contratación directa","Servicios profesionales y apoyo a la gestión","128","día(s)",,,,"Villavicencio","GRUPO DE CONTRATACION CAM","0","0","0","0","0","0","0","0","67","Seleccionado","70","No","No Adjudicado","705896330","Meta","Villavicencio",,"0","No Adjudicado","DIANA VICTORIA CELY CASTRO","52902670","V1.80111600","Abierto","Prestación de servicios","No Definido","No definido","https://community.secop.gov.co/Public/Tendering/OpportunityDetail/Index?noticeUID=CO1.NTC.3892008","704156108","Adjudicado"
"FONDO FINANCIERO DISTRITAL DE SALUD..","8002469532","Distrito Capital de Bogotá","No Definido","Territorial","Centralizada","CO1.REQ.597650","FFDS-CD-0856-2018","701993388","CO1.BDOS.578501","Prestar servicios como Técnico Auxiliar de Enfermería para el ejercicio de la regulación de la urgencia médica; de acuerdo con las necesidades de la Subdirección Centro Regulador de Urgencias y Emerge","Prestar servicios como Técnico Auxiliar de Enfermería para el ejercicio de la regulación de la urgencia médica, de acuerdo con las necesidades de la Subdirección Centro Regulador de Urgencias y Emergencias.","Fase de ofertas","2018-10-25T00:00:00.000","2018-10-25T00:00:00.000",,,,,"2018-10-25T00:00:00.000","11383008","Contratación directa","Servicios profesionales y apoyo a la gestión","120","día(s)",,,,"Bogotá","SUBDIRECCION DE CONTRATACIÓN","0","0","0","0","0","0","0","0","0","Seleccionado","70","No","No Adjudicado","704484021","Distrito Capital de Bogotá","No Definido",,"0","No Adjudicado","angela yineth naranjo forero","1032428280","V1.80111500","Abierto","Prestación de servicios","No Definido","V180111600, V180111700","https://community.secop.gov.co/Public/Tendering/OpportunityDetail/Index?noticeUID=CO1.NTC.575419","701993388","Adjudicado"
"AGENCIA PARA LA REINCORPORACIÓN Y LA NORMALIZACIÓN","900477169","Distrito Capital de Bogotá","No Definido","Nacional","Centralizada","CO1.REQ.1233939","CD-ARN-470-2020","700803117","CO1.BDOS.1196322","PRESTACIÓN DE SERVICIOS - CARLOS ANDRES HERNANDEZ GUTIERREZ","Prestar con plena autonomía técnica y administrativa los servicios profesionales en el grupo de análisis del proceso de reintegración, para acompañar técnicamente la construcción e implementación del plan analítica  de datos de la Agencia, co-construir y actualizar las herramientas necesarias para el monitoreo y seguimiento de la información a partir del diseño e implementación de modelos de análisis  de datos y administradores de sistemas de información.","Presentación de oferta","2020-04-07T00:00:00.000","2020-04-07T00:00:00.000",,,,,"2020-04-07T00:00:00.000","14876195","Contratación directa","Servicios profesionales y apoyo a la gestión","77","día(s)",,,,"Bogotá","GRUPO GESTION CONTRACTUAL","0","0","0","0","0","0","0","0","0","Seleccionado","70","No","No Adjudicado","702730441","Distrito Capital de Bogotá","No Definido",,"0","No Adjudicado","CARLOS ANDRES HERNANDEZ GUTIERREZ","1030569589","V1.80111500","Abierto","Prestación de servicios","No Definido","No definido","https://community.secop.gov.co/Public/Tendering/OpportunityDetail/Index?noticeUID=CO1.NTC.1195209","700803117","Adjudicado"
"ALCALDIA MUNICIPIO DE ARAUCA","800102504","Arauca","Arauca","Territorial","Centralizada","CO1.REQ.3001716","1SA-014-2022","700586134","CO1.BDOS.2921609","RECUPERACION DE LA SEGURIDAD VIAL A TRAVÉS DE SEÑALIZACION Y SENSIBILIZACION PARA LA MOVILIDAD EN EL MUNICIPIO DE ARAUCA","RECUPERACION DE LA SEGURIDAD VIAL A TRAVÉS DE SEÑALIZACION Y SENSIBILIZACION PARA LA MOVILIDAD EN EL MUNICIPIO DE ARAUCA","Presentación de observaciones","2022-05-03T00:00:00.000","2022-05-03T00:00:00.000",,,,"2022-05-03T00:00:00.000",,"79989519","Selección Abreviada de Menor Cuantía","Presupuesto menor al 10% de la Menor Cuantía","2","Mes(es)","2022-05-19T00:00:00.000","2022-05-19T00:00:00.000","2022-05-19T00:00:00.000","Arauca","UNIDAD DE CONTRATACION ARAUCA","0","0","33","0","0","0","0","0","0","Evaluación","60","No","No Adjudicado","No Definido","No Definido","No Definido",,"0","No Adjudicado","No Definido","No Definido","V1.72151300","Cerrado","Obra","No Definido","No definido","https://community.secop.gov.co/Public/Tendering/OpportunityDetail/Index?noticeUID=CO1.NTC.2926831","700586134","Presentación de observaciones"
"CAMARA DE REPRESENTANTES","899999098","Distrito Capital de Bogotá","No Definido","Nacional","Centralizada","CO1.REQ.2710914","CPS_0439_2022","701337164","CO1.BDOS.2634628","CPS_0439_2022","PRESTACIÓN DE SERVICIOS DE APOYO A LA GESTIÓN EN EL
DESARROLLO DE ACTIVIDADES AUXILIARES DE TIPO JURÍDICO, RELACIONADAS CON LOS
CONTRATOS Y CONVENIOS A CARGO DE LA DIVISIÓN DE SERVICIOS DE LA CÁMARA DE
REPRESENTANTES","Presentación de oferta","2022-01-21T00:00:00.000","2022-01-21T00:00:00.000",,,,,"2022-01-20T00:00:00.000","16000000","Contratación directa","Servicios profesionales y apoyo a la gestión","4","Mes(es)",,,,"Bogotá","CONTRATACION","0","0","0","0","0","0","0","0","0","Seleccionado","70","No","No Adjudicado","711589820","Distrito Capital de Bogotá","Bogotá",,"0","No Adjudicado","andrea paola castro rodriguez","1077084292","V1.80111600","Abierto","Prestación de servicios","No Definido","No definido","https://community.secop.gov.co/Public/Tendering/OpportunityDetail/Index?noticeUID=CO1.NTC.2637030","701337164","Adjudicado"
"INSTITUCION EDUCATIVA SAN MARCOS 1","813009891","Huila","Acevedo","Territorial","Centralizada","CO1.REQ.3651028","005-2022","700763071","CO1.BDOS.3557404","CONTRATO DE SUMINISTROS RÉGIMEN ESPECIAL","SUMINISTRO DE ELEMENTOS DE ASEO Y KIT DE LIMPIEZA PARA LA INSTITUCIÓN EDUCATIVA SAN MARCOS","Presentación de oferta","2022-11-23T00:00:00.000","2022-11-23T00:00:00.000",,,,,"2022-11-23T00:00:00.000","12295500","Contratación régimen especial","Decreto 092 de 2017","4","día(s)",,,,"Acevedo","INSTITUCIÓN EDUCATIVA SAN MARCOS","0","0","0","0","0","0","0","0","0","Publicado","50","No","No Adjudicado","No Definido","No Definido","No Definido",,"0","No Adjudicado","No Definido","No Definido","V1.47132102","Abierto","Decreto 092 de 2017","No Definido","No definido","https://community.secop.gov.co/Public/Tendering/OpportunityDetail/Index?noticeUID=CO1.NTC.3563418","700763071","Presentación de oferta"
"ESCUELA SUPERIOR DE ADMINISTRACIÓN PUBLICA","899999054","Distrito Capital de Bogotá","Bogotá","Nacional","Centralizada","CO1.REQ.4563951","ESAP-CI-834-2023","701255226","CO1.BDOS.4461717","Concejo municipal de San Antonio","Aunar esfuerzos financieros, técnicos, administrativos, operativos y jurídicos para desarrollar el Concurso público de méritos para la elección del Personero Municipal de San Antonio del departamento de Tolima, para el período 2024 2028","Presentación de oferta","2023-05-25T00:00:00.000","2023-05-25T00:00:00.000",,,,,"2023-05-25T00:00:00.000","0","Contratación directa","Contratos o convenios Interadministrativos (valor cero)","217","día(s)",,,,"Bogotá","Direccion de Contratos","0","0","0","0","0","0","0","0","0","Seleccionado","70","No","No Adjudicado","711894543","Tolima","San Antonio",,"0","No Adjudicado","CONCEJO MUNICIPAL DE SAN ANTONIO TOLIMA","809007176","V1.80111703","Abierto","Otro","No Definido","No definido","https://community.secop.gov.co/Public/Tendering/OpportunityDetail/Index?noticeUID=CO1.NTC.4470882","701255226","Adjudicado"
"DISPENSARIO MEDICO DE CALI","830039670","Valle del Cauca","Cali","Nacional","Centralizada","CO1.REQ.695578","221/DMCAL/2019","702964248","CO1.BDOS.674904","PRESTACIÓN DE  SERVICIOS COMO TÉCNICO AUXILIAR DE ENFERMERIA EN EL DISPENSARIO MEDICO DE CALI Y SUS UNIDADES CENTRALIZADAS.","PRESTACIÓN DE  SERVICIOS COMO TÉCNICO AUXILIAR DE ENFERMERÍA EN EL DISPENSARIO MEDICO DE CALI Y SUS UNIDADES CENTRALIZADAS.","Presentación de oferta","2019-01-17T00:00:00.000","2019-01-17T00:00:00.000",,,,,"2019-01-17T00:00:00.000","13313872","Contratación directa","Servicios profesionales y apoyo a la gestión","12","Mes(es)",,,,"Cali","Prestación de Servicio 1","0","0","0","0","0","0","0","0","0","Seleccionado","70","No","No Adjudicado","706323011","Valle del Cauca","No Definido",,"0","No Adjudicado","LUISA FERNANDA PABON VALENCIA","1143875170","V1.80111600","Abierto","Prestación de servicios","No Definido","No definido","https://community.secop.gov.co/Public/Tendering/OpportunityDetail/Index?noticeUID=CO1.NTC.666726","702964248","Adjudicado"
"HOSPITAL DEPARTAMENTAL DE VILLAVICENCIO ESE","892000501","Meta","Villavicencio","Territorial","Centralizada","CO1.REQ.3637910","CPS 2733-2022","702938226","CO1.BDOS.3544177","AUXILIAR ADMINISTRATIVO","AUXILIAR ADMINISTRATIVO","Presentación de oferta","2022-11-21T00:00:00.000","2022-11-21T00:00:00.000",,,,,"2022-11-21T00:00:00.000","4800000","Contratación régimen especial","Regla aplicable","3","Mes(es)",,,,"Villavicencio","HOSPITAL DEPARTAMENTAL DE VILLAVICENCIO ESE","0","0","0","0","0","0","0","0","0","Publicado","50","No","No Adjudicado","No Definido","No Definido","No Definido",,"0","No Adjudicado","No Definido","No Definido","V1.80111601","Abierto","Prestación de servicios","No Definido","No definido","https://community.secop.gov.co/Public/Tendering/OpportunityDetail/Index?noticeUID=CO1.NTC.3550323","702938226","Presentación de oferta"
"DIRECCIÓN NACIONAL DE DERECHO DE AUTOR","8001859292","Distrito Capital de Bogotá","No Definido","Nacional","Centralizada","CO1.REQ.2882629","DNDA-008-2022","700217037","CO1.BDOS.2805830","SERVICIO DE IMPRESIÓN Y FOTOCOPIADO","Prestación de servicios de alquiler de equipos de impresora, fotocopiado y escáner in house, para la Dirección Nacional de Derecho de Autor.",,,,,,,,,"27954400","Mínima cuantía","Presupuesto inferior al 10% de la menor cuantía","8","Mes(es)","2022-02-04T00:00:00.000","2022-02-04T00:00:00.000",,"No Aplica","COMPRAS","0","0","0","0","0","0","0","0","0","Borrador","0","No","No Adjudicado","No Definido","No Definido","No Definido",,"0","No Adjudicado","No Definido","No Definido","V1.80161801","Cerrado","Suministros","No Definido","No definido","https://community.secop.gov.co/STS/Users/Login/Index","700217037","No Definido"
"SUBRED INTEGRADA DE SERVICIOS DE SALUD SUR OCCIDENTE ESE.","900959048","Distrito Capital de Bogotá","No Definido","Territorial","Centralizada","CO1.REQ.2743750","ASISTENCIAL LOTE 24-2022","702486788","CO1.BDOS.2668620","ASISTENCIAL LOTE 24-2022","Prestar servicios  a la gestión administrativa y/o asistencial  dentro de los diferentes procesos y procedimientos de la SUBRED INTEGRADA DE SERVICIOS DE SALUD SUR OCCIDENTE E.S.E. de acuerdo al requerimiento institucional.","Presentación de oferta","2022-01-23T00:00:00.000","2022-01-23T00:00:00.000",,,,,"2022-01-22T00:00:00.000","11397060969","Contratación régimen especial","Regla aplicable","210","día(s)",,,,"No Aplica","DIRECCION DE CONTRATACION","0","0","0","0","0","0","0","0","1","Seleccionado","70","No","No Adjudicado","712815679","Distrito Capital de Bogotá","Bogotá",,"0","No Adjudicado","RAUL ERNESTO GONZALEZ CHAVEZ","1026252632","V1.80111600","Abierto","Prestación de servicios","No Definido","No definido","https://community.secop.gov.co/Public/Tendering/OpportunityDetail/Index?noticeUID=CO1.NTC.2669392","702486788","Adjudicado"
"PARQUES NACIONALES NATURALES- DIRECCION TERRITORIAL PACIFICO","805003737","Valle del Cauca","Cali","Nacional","Centralizada","CO1.REQ.1796948","DTPA-CD-NACION-2021-020","702759101","CO1.BDOS.1746821","DTPA-CD-NACION-2021-020","Prestación de servicios técnicos, como apoyo en las actividades de PVyC del PNN Gorgona, mediante patrullajes marinos y terrestres, y sistematización de información, que contribuyan a la conservación y protección de VOC.","Fase de ofertas","2021-02-08T00:00:00.000","2021-02-08T00:00:00.000",,,,,"2021-02-08T00:00:00.000","19972817","Contratación directa","Servicios profesionales y apoyo a la gestión","315","día(s)",,,,"Cali","PNN GORGONA","0","0","0","0","0","0","0","0","0","Seleccionado","70","No","No Adjudicado","703136390","Valle del Cauca","Cali",,"0","No Adjudicado","Angelica Raquel Cuenca Salazar","1130623796","V1.70161704","Abierto","Prestación de servicios","No Definido","No definido","https://community.secop.gov.co/Public/Tendering/OpportunityDetail/Index?noticeUID=CO1.NTC.1743863","702759101","Adjudicado"
"SANTIAGO DE CALI  DISTRITO ESPECIAL - SECRETARIA DE CULTURA","890399011","Valle del Cauca","Cali","Territorial","Centralizada","CO1.REQ.3301242","4148.010.32.1.987-2022","702384207","CO1.BDOS.3215008","FORTALECIMIENTO DE FESTIVALES DE TALLA INTERNACIONAL REALIZADOS ANUALMENTE EN SANTIAGO DE CALI . BP- 26002891; vigencia 2022","Aunar esfuerzos técnicos, administrativos y financieros para desarrollar estrategias que propendan por el fortalecimiento del sector audiovisual en Santiago de Cali a partir de la generación de plataformas de exhibición de productos cinematográficos y espacios de intercambio a través de la realización del XIV Festival Internacional de Cine de Cali 2022, de en conformidad con el proyecto de inversión denominado:  FORTALECIMIENTO DE FESTIVALES DE TALLA INTERNACIONAL REALIZADOS ANUALMENTE EN SANTIA","Presentación de oferta","2022-08-31T00:00:00.000","2022-08-31T00:00:00.000",,,,,"2022-08-31T00:00:00.000","627213998","Contratación directa","Contratos o convenios Interadministrativos (valor cero)","105","día(s)",,,,"Cali","Secretaría de Cultura","0","0","0","0","0","0","0","0","0","Seleccionado","70","No","No Adjudicado","702833252","Valle del Cauca","Cali",,"0","No Adjudicado","Fondo Mixto de Cultura y las Artes del Valle del Cauca","800214426","V1.93141700","Abierto","Otro","No Definido","No definido","https://community.secop.gov.co/Public/Tendering/OpportunityDetail/Index?noticeUID=CO1.NTC.3219599","702384207","Adjudicado"
"ALCALDIA MUNICIPIO DE VILLAVICENCIO","892099324","Meta","Villavicencio","Territorial","Centralizada","CO1.REQ.1607751","CD-1674-2020","703915215","CO1.BDOS.1559328","PRESTACION DE SERVICIOS PROFESIONALES","PRESTACION DE SERVICIOS PROFESIONALES COMO ABOGADA PARA DESARROLLAR ACTIVIDADES EN LA SECRETARIA DE LA MUJER DEL MUNICIPIO DE VILLAVICENCIO","Presentación de oferta","2020-11-13T00:00:00.000","2020-11-13T00:00:00.000",,,,,"2020-11-13T00:00:00.000","5999995","Contratación directa","Servicios profesionales y apoyo a la gestión","45","día(s)",,,,"Villavicencio","SECRETARIA DE LA MUJER","0","0","0","0","0","0","0","0","0","Seleccionado","70","No","No Adjudicado","711521997","Meta","Villavicencio",,"0","No Adjudicado","ANGELA PATRICIA MARTINEZ SANCHEZ","1121821240","V1.80111701","Abierto","Prestación de servicios","No Definido","No definido","https://community.secop.gov.co/Public/Tendering/OpportunityDetail/Index?noticeUID=CO1.NTC.1557046","703915215","Adjudicado"
"(Secretaría Distrital de Integración Social)","8999990619","Distrito Capital de Bogotá","No Definido","Territorial","Centralizada","CO1.REQ.1275648","255429","702271321","CO1.BDOS.1237432","CONTRATO DE PRESTACIÓN DE SERVICIOS DE APOYO A LA GESTIÓN","PRESTACIÓN DE SERVICIOS COMO AUXILIAR ADMINISTRATIVO PARA LA REALIZACIÓN DE ACTIVIDADES ASISTENCIALES Y OPERATIVAS REQUERIDAS EN EL DESARROLLO DE LOS PROCESOS DE ATENCIÓN A LOS/AS CIUDADANOS/AS QUE ACCEDEN A LA JUSTICIA A TRAVÉS DE LA COMISARIA DE FAMILIA.","Presentación de oferta","2020-05-12T00:00:00.000","2020-05-12T00:00:00.000",,,,,"2020-05-12T00:00:00.000","13821500","Contratación directa","Servicios profesionales y apoyo a la gestión","165","día(s)",,,,"Bogotá","SUBDIRECCION DE CONTRATACION","0","0","0","0","0","0","0","0","0","Seleccionado","70","No","No Adjudicado","705583136","Distrito Capital de Bogotá","No Definido",,"0","No Adjudicado","MARY LUZ GUAYACUNDO BARON","52366978","V1.80111500","Abierto","Prestación de servicios","No Definido","No definido","https://community.secop.gov.co/Public/Tendering/OpportunityDetail/Index?noticeUID=CO1.NTC.1242038","702271321","Adjudicado"
"SANTIAGO DE CALI DISTRITO ESPECIAL - SECRETARIA DEL DEPORTE Y LA RECREACIÓN","890399011","Valle del Cauca","Cali","Territorial","Centralizada","CO1.REQ.4014293","4162.010.32.1.0100-2023","702440603","CO1.BDOS.3918601","PROFESIONALES INFRA","PRESTACION DE SERVICIOS PROFESIONALES PARA REALIZAR ACTIVADADES 
AFINES A LOS PROGRAMAS, PLANES Y PROYECTOS QUE ADELANTA LA 
SECRETARIA DEL DEPORTE Y LA RECREACION DEL DISTRITO DE SANTIAGO DE 
CALI, EN ESPECIAL EN LA EJECUCION DE LAS ACTIVIADES DEL PROYECTO 
DENOMIDADO  Mejoramiento de los equipamientos deportivos y recreativos de Santiago 
de Cali  BP 26002547","Presentación de oferta","2023-02-03T00:00:00.000","2023-02-03T00:00:00.000",,,,,"2023-02-03T00:00:00.000","31244000","Contratación directa","Servicios profesionales y apoyo a la gestión","3","Mes(es)",,,,"Cali","GESTIÓN CONTRACTUAL","0","0","0","0","0","0","0","0","2","Seleccionado","70","No","No Adjudicado","705348514","Valle del Cauca","No Definido",,"0","No Adjudicado","CESAR TULIO AYALA RENDON","16640375","V1.80111500","Abierto","Prestación de servicios","No Definido","V180111600, V180111700","https://community.secop.gov.co/Public/Tendering/OpportunityDetail/Index?noticeUID=CO1.NTC.3925423","702440603","Adjudicado"
"MINISTERIO DE VIVIENDA. CIUDAD Y TERRITORIO","900463725","No Definido","No Definido","Nacional","Centralizada","CO1.REQ.1079343","MVCT-088-2020","700262025","CO1.BDOS.1043010","PRESTACIÓN DE SERVICIOS","Prestación de servicios profesionales para apoyar la revisión, análisis y emisión de información y documentación jurídica necesaria para desarrollar los procesos de cesión a título gratuito de bienes fiscales urbanos.","Presentación de oferta","2020-01-16T00:00:00.000","2020-01-16T00:00:00.000",,,,,"2020-01-15T00:00:00.000","71975030","Contratación directa","Servicios profesionales y apoyo a la gestión","12","Mes(es)",,,,"Bogotá","SUBDIRECCION DE SERVICIOS ADMINISTRATIVOS - GRUPO CONTRATOS","0","0","0","0","0","0","0","0","0","Seleccionado","50","No","No Adjudicado","No Definido","No Definido","No Definido",,"0","No Adjudicado","No Definido","No Definido","V1.80121606","Abierto","Prestación de servicios","No Definido","No definido","https://community.secop.gov.co/Public/Tendering/OpportunityDetail/Index?noticeUID=CO1.NTC.1042348","700262025","Adjudicado"
"MINISTERIO DE DEFENSA NACIONAL - FONDO DE DEFENSA TECNICA Y ESPECIALIZADA DE LOS MIEMBROS DE LA FUERZA PÚBLICA - FONDETEC","899999003","Distrito Capital de Bogotá","Bogotá","Nacional","Centralizada","CO1.REQ.4186159","40993-104-2023","712713593","CO1.BDOS.4089585","El CONTRATISTA se obliga con el CONTRATANTE con autonomía técnica; administrativa y operativa para adelantar actividades de  seguimiento; verificación y acompañamiento a la gestión defensorial y admin","El CONTRATISTA se obliga con el CONTRATANTE
con autonomía técnica, administrativa y operativa para adelantar actividades de 
seguimiento, verificación y acompañamiento a la gestión defensorial y administrativa, 
en el marco del Sistema de Control Interno, la política de gestión del Talento Humano, 
y apoyar el mantenimiento de los sistemas de gestión institucional, de conformidad con 
el Modelo Integrado de Planeación y Gestión MIPG.","Presentación de oferta","2023-02-28T00:00:00.000","2023-02-28T00:00:00.000",,,,,"2023-02-28T00:00:00.000","48450000","Contratación régimen especial","Decreto 092 de 2017","304","día(s)",,,,"Bogotá","CONTRATACIÓN FONDETEC","0","0","0","0","0","0","0","0","0","Publicado","50","No","No Adjudicado","No Definido","No Definido","No Definido",,"0","No Adjudicado","No Definido","No Definido","V1.80121503","Abierto","Decreto 092 de 2017","No Definido","No definido","https://community.secop.gov.co/Public/Tendering/OpportunityDetail/Index?noticeUID=CO1.NTC.4090041","712713593","Presentación de oferta"
"MUNICIPIO DE ENVIGADO","890907106","Antioquia","Envigado","Nacional","Centralizada","CO1.REQ.3853557","ENV-09-09-0458-23","702001421","CO1.BDOS.3758070","INGRID FERNANDEZ - ECONOMISTA","PRESTACIÓN DE SERVICIOS PROFESIONALES PARA BRINDAR ASESORÍA
FINANCIERA EN LA ELABORACIÓN DE LOS ESTUDIOS Y ANÁLISIS DEL SECTOR, NECESARIOS PARA LOS PROCESOS CONTRACTUALES DE LOS PROYECTOS DE INFRAESTRUCTURA INSTITUCIONAL Y DEMÁS PROYECTOS DE LA SECRETARÍA DE OBRAS PÚBLICAS","Presentación de oferta","2023-01-16T00:00:00.000","2023-01-16T00:00:00.000",,,,,"2023-01-16T00:00:00.000","47250000","Contratación directa","Servicios profesionales y apoyo a la gestión","10","Mes(es)",,,,"Envigado","SECRETARIA DE OBRAS PUBLICAS","0","0","0","0","0","0","0","0","0","Seleccionado","70","No","No Adjudicado","702727058","Antioquia","Envigado",,"0","No Adjudicado","ingrid astrid fernandez vanegas","51920165","V1.93151507","Abierto","Prestación de servicios","No Definido","No definido","https://community.secop.gov.co/Public/Tendering/OpportunityDetail/Index?noticeUID=CO1.NTC.3768409","702001421","Adjudicado"
"INSTITUTO DE PATRIMONIO Y CULTURAL DE CARTAGENA DE INDIAS - IPCC","806013631","Bolívar","Cartagena","Territorial","Centralizada","CO1.REQ.1694458","004-2021","702775123","CO1.BDOS.1644207","PRESTAR SERVICIOS PROFESIONALES A LA OFICINA JURÍDICA DEL INSTITUTO DE PATRIMONIO Y CULTURA DE CARTAGENA.","PRESTAR SERVICIOS PROFESIONALES A LA OFICINA JURÍDICA DEL INSTITUTO DE PATRIMONIO Y CULTURA DE CARTAGENA.","Presentación de oferta","2021-01-08T00:00:00.000","2021-01-08T00:00:00.000",,,,,"2021-01-08T00:00:00.000","27702000","Contratación directa","Servicios profesionales y apoyo a la gestión","6","Mes(es)",,,,"Cartagena","unidad de contratación IPCC","0","0","0","0","0","0","0","0","0","Seleccionado","70","No","No Adjudicado","709361646","Bolívar","Cartagena",,"0","No Adjudicado","LIRY LUZ MUNERA CABRERA","45561203","V1.80111607","Abierto","Prestación de servicios","No Definido","No definido","https://community.secop.gov.co/Public/Tendering/OpportunityDetail/Index?noticeUID=CO1.NTC.1642231","702775123","Adjudicado"
"SENA REGIONAL SANTANDER Grupo de Apoyo Administrativo Mixto","899999034","Santander","Bucaramanga","Nacional","Centralizada","CO1.REQ.5607500","STD_9122_00047_2024","702441627","CO1.BDOS.5490434","INSTRUCTORES SER","Prestar servicios profesionales en el rol de instructor técnico aportando en la planeación, ejecución, evaluación y mejora continua de los procesos de formación y asesoría técnica para el emprendimiento rural y campesino; definidos por la Dirección de Empleo y Trabajo y la Coordinación Nacional SENA Emprende Rural.","Presentación de oferta","2024-01-24T00:00:00.000","2024-01-24T00:00:00.000",,,,,"2024-01-24T00:00:00.000","604483911","Contratación directa","Servicios profesionales y apoyo a la gestión","306","día(s)",,,,"Piedecuesta","CENTRO DE ATENCIÓN SECTOR AGROPECUARIO","0","0","0","0","0","0","0","0","0","Seleccionado","70","No","No Adjudicado","708846415","Arauca","Saravena",,"0","No Adjudicado","TULIA EUGENIA SUAREZ ARDILA","37,721,483","V1.80111600","Abierto","Prestación de servicios","No Definido","No definido","https://community.secop.gov.co/Public/Tendering/OpportunityDetail/Index?noticeUID=CO1.NTC.5499918","702441627","Adjudicado"
"UNIVERSIDAD NACIONAL DE COLOMBIA","899999063","Distrito Capital de Bogotá","No Definido","Nacional","Centralizada","CO1.REQ.4693437","2015-OSE 122-2023","700698038","CO1.BDOS.4588962","PRESTAR SUS SERVICIOS PROFESIONALES PARA LA PREPARACIÓN Y REALIZACIÓN DE CONFERENCIAS PARA EL CURSO REDACCIÓN PROFESIONAL COMO PARTE DEL PROYECTO PLAN INSTITUCIONAL DE CAPACITACIÓN ANLA 2023.","PRESTAR SUS SERVICIOS PROFESIONALES PARA LA PREPARACIÓN Y REALIZACIÓN DE CONFERENCIAS PARA EL CURSO REDACCIÓN PROFESIONAL COMO PARTE DEL PROYECTO PLAN INSTITUCIONAL DE CAPACITACIÓN ANLA 2023.","Presentación de oferta","2023-06-19T00:00:00.000","2023-06-19T00:00:00.000",,,,,"2023-06-19T00:00:00.000","3990000","Contratación régimen especial","Decreto 092 de 2017","5","día(s)",,,,"Bogotá","FAC. CIENCIAS ECONOMICAS","0","0","0","0","0","0","0","0","0","Publicado","50","No","No Adjudicado","No Definido","No Definido","No Definido",,"0","No Adjudicado","No Definido","No Definido","V1.80111600","Abierto","Decreto 092 de 2017","No Definido","No definido","https://community.secop.gov.co/Public/Tendering/OpportunityDetail/Index?noticeUID=CO1.NTC.4595016","700698038","Presentación de oferta"
"ALCALDÍA DEL DISTRITO TURÍSTICO Y CULTURAL DE CARTAGENA DE INDIAS","890480184","Bolívar","Cartagena","Territorial","Centralizada","CO1.REQ.5702620","CD-SICC-0983-2024","703301051","CO1.BDOS.5585078","OMAR JOSE MEDRANO RODRIGUEZ","PRESTACIÓN DE SERVICIOS PROFESIONALES COMO ECONOMISTA CON DESTINO AL CUERPO OFICIAL DE BOMBEROS EN EL MARCO DEL PROYECTO DENOMINADO DOTACIÓN DEL CUERPO DE BOMBEROS PARA OPTIMIZAR SU NIVEL DE ANTICIPACIÓN Y MITIGACIÓN DE INCENDIOS Y OTRAS CALAMIDADES CONEXAS EN EL DISTRITO DE CARTAGENA DE INDIAS.","Presentación de oferta","2024-02-07T00:00:00.000","2024-02-07T00:00:00.000",,,,,"2024-02-07T00:00:00.000","24000000","Contratación directa","Servicios profesionales y apoyo a la gestión","6","Mes(es)",,,,"Cartagena","Dirección Administrativa de Talento Humano","0","0","0","0","0","0","0","0","0","Seleccionado","70","No","No Adjudicado","702900051","Bolívar","Cartagena",,"0","No Adjudicado","OMAR JOSE MEDRANO RODRIGUEZ","1047392913","V1.80111600","Abierto","Prestación de servicios","No Definido","No definido","https://community.secop.gov.co/Public/Tendering/OpportunityDetail/Index?noticeUID=CO1.NTC.5606948","703301051","Adjudicado"
"SECRETARÍA DISTRITAL DE MOVILIDAD","8999990619","Distrito Capital de Bogotá","Bogotá","Territorial","Centralizada","CO1.REQ.5840224","SDM-CPS-944-2024","701699407","CO1.BDOS.5723711","ALBA LORENA AVELLA SERRATO","PRESTAR LOS SERVICIOS PROFESIONALES EN DERECHO PARA LA ELABORACIÓN Y SUSTANCIACIÓN DE LOS ACTOS ADMINISTRATIVOS Y ADELANTAR LAS DEMÁS ACTUACIONES ADMINISTRATIVAS REQUERIDAS DENTRO DE LOS PROCESOS MISIONALES DE LA DIRECCIÓN DE INVESTIGACIONES ADMINISTRATIVAS AL TRÁNSITO Y TRANSPORTE Y LAS SUBDIRECCIONES A CARGO","Presentación de oferta","2024-02-26T00:00:00.000","2024-02-26T00:00:00.000",,,,,"2024-02-26T00:00:00.000","64104000","Contratación directa","Servicios profesionales y apoyo a la gestión","12","Mes(es)",,,,"Bogotá","DIRECCIÓN DE CONTRATACIÓN","0","0","0","0","0","0","0","0","0","Seleccionado","70","No","No Adjudicado","711995886","Distrito Capital de Bogotá","Bogotá",,"0","No Adjudicado","ALBA LORENA AVELLA SERRATO","1030543789","V1.80111620","Abierto","Prestación de servicios","No Definido","No definido","https://community.secop.gov.co/Public/Tendering/OpportunityDetail/Index?noticeUID=CO1.NTC.5733833","701699407","Adjudicado"
"INSTITUTO PARA EL DEPORTE Y LA RECREACIÓN DE SABANETA","890982641","Antioquia","Sabaneta","Territorial","Centralizada","CO1.REQ.2608016","IND0402022","701108037","CO1.BDOS.2533825","PRESTACIÓN DE SERVICIOS DE APOYO A LA GESTION PARA LOS  PROGRAMA DE ACONDICIONAMIENTO FÍSICO; GIMNASIO; CORREDORES ACTIVOS Y APOYO A LA CICLOVIA EN EL INSTITUTO PARA EL DEPORTE Y LA RECREACION DE SABA","PRESTACIÓN DE SERVICIOS DE APOYO A LA GESTION PARA LOS  PROGRAMA DE ACONDICIONAMIENTO FÍSICO, GIMNASIO, CORREDORES ACTIVOS Y APOYO A LA CICLOVIA EN EL INSTITUTO PARA EL DEPORTE Y LA RECREACION DE SABANETA INDESA","Presentación de oferta","2022-01-13T00:00:00.000","2022-01-13T00:00:00.000",,,,,"2022-01-12T00:00:00.000","11786667","Contratación directa","Servicios profesionales y apoyo a la gestión","170","día(s)",,,,"Sabaneta","Contratación Indesa","0","0","0","0","0","0","0","0","0","Seleccionado","70","No","No Adjudicado","714027182","Antioquia","Caldas",,"0","No Adjudicado","César Mauricio Colorado Arenas","98552326","V1.80111600","Abierto","Prestación de servicios","No Definido","No definido","https://community.secop.gov.co/Public/Tendering/OpportunityDetail/Index?noticeUID=CO1.NTC.2535909","701108037","Adjudicado"
"INSTITUCIÓN UNIVERSITARIA COLEGIO MAYOR DE ANTIOQUIA","890980134","Antioquia","Medellín","Territorial","Centralizada","CO1.REQ.2761632","CMA-CD-8053-90158-22-2022","704629146","CO1.BDOS.2686368","CMA-CD-8053-90158-22-2022","El Contratista de manera independiente, es decir, sin que exista subordinación de índole laboral, se obliga a prestar sus servicios como Profesional Depurador de partidas, para Realizar actividades establecidas en el marco del contrato Interadministrativo N° 4600090158 de 2021.","Presentación de oferta","2022-01-24T00:00:00.000","2022-01-24T00:00:00.000",,,,,"2022-01-24T00:00:00.000","39309921","Contratación directa","Servicios profesionales y apoyo a la gestión","189","día(s)",,,,"Medellín","Secretaría General - IUCMA","0","0","0","0","0","0","0","0","0","Seleccionado","70","No","No Adjudicado","713235398","Antioquia","Medellín",,"0","No Adjudicado","LINA MARCELA GARCÍA BARRERA","44005289","V1.80111600","Abierto","Prestación de servicios","No Definido","No definido","https://community.secop.gov.co/Public/Tendering/OpportunityDetail/Index?noticeUID=CO1.NTC.2687389","704629146","Adjudicado"
"ESE DEPARTAMENTAL DE PRIMER NIVEL MORENO Y CLAVIJO","900034131","Arauca","Tame","Territorial","Centralizada","CO1.REQ.5619183","001-0324-2024","704716505","CO1.BDOS.5501877","VACUNADOR RED DE FRIO","VACUNADOR RED DE FRIO","Presentación de oferta","2024-01-25T00:00:00.000","2024-01-25T00:00:00.000",,,,,"2024-01-25T00:00:00.000","6998400","Contratación régimen especial","Decreto 092 de 2017","3","Mes(es)",,,,"Tame","SUBGERENCIA EN SALUD","0","0","0","0","0","0","0","0","0","Publicado","50","No","No Adjudicado","No Definido","No Definido","No Definido",,"0","No Adjudicado","No Definido","No Definido","V1.85101600","Abierto","Decreto 092 de 2017","No Definido","No definido","https://community.secop.gov.co/Public/Tendering/OpportunityDetail/Index?noticeUID=CO1.NTC.5511004","704716505","Presentación de oferta"
"HOSPITAL SAN VICENTE DE PAUL FRESNO TOLIMA","890700901","Tolima","Fresno","Territorial","Centralizada","CO1.REQ.4757574","HSVP-SUM-228-2023","704573468","CO1.BDOS.4651953","SUMINISTRO DE MEDICAMENTOS Y MATERIAL MÉDICO QUIRÚRGICO PARA LA FARMACIA DEL HOSPITAL SAN VICENTE DE PAUL E.S.E. DE FRESNO TOLIMA.","SUMINISTRO DE MEDICAMENTOS Y MATERIAL MÉDICO QUIRÚRGICO PARA LA FARMACIA DEL HOSPITAL SAN VICENTE DE PAUL E.S.E. DE FRESNO TOLIMA.","Presentación de oferta","2023-06-28T00:00:00.000","2023-06-28T00:00:00.000",,,,,"2023-06-28T00:00:00.000","120000000","Contratación régimen especial","Decreto 092 de 2017","6","Mes(es)",,,,"Fresno","AREA DE CONTRATACION","0","0","0","0","0","0","0","0","0","Publicado","50","No","No Adjudicado","No Definido","No Definido","No Definido",,"0","No Adjudicado","No Definido","No Definido","V1.51101567","Abierto","Decreto 092 de 2017","No Definido","V142201708","https://community.secop.gov.co/Public/Tendering/OpportunityDetail/Index?noticeUID=CO1.NTC.4658648","704573468","Presentación de oferta"
"HOSPITAL DEPARTAMENTAL SAN JUAN DE DIOS DE PUERTO CARREÑO","842000004","Vichada","Puerto Carreño","Territorial","Centralizada","CO1.REQ.5060090","HDSJDD-CD-1907-2023","702995937","CO1.BDOS.4949667","AUXILIAR DE MANTENIMIENTO PARA EL HOSPITAL PARA EL HOSPITAL LOCAL DE SANTA ROSALIA.","PRESTACIÓN DE SERVICIOS Y DE APOYO A LA GESTION COMO AUXILIAR DE MANTEMINIENTO PARA EL HOSPITAL PARA EL HOSPITAL LOCAL DE SANTA ROSALIA.","Presentación de oferta","2023-09-15T00:00:00.000","2023-09-15T00:00:00.000",,,,,"2023-09-15T00:00:00.000","4560000","Contratación directa","Servicios profesionales y apoyo a la gestión","76","día(s)",,,,"Puerto Carreño","HOSPITAL DEPARTAMENTAL SAN JUAN DE DIOS","0","0","0","0","0","0","0","0","0","Seleccionado","70","No","No Adjudicado","722898277","Vichada","Santa Rosalía",,"0","No Adjudicado","CARLOS BRITO","7760420","V1.80111600","Abierto","Prestación de servicios","No Definido","No definido","https://community.secop.gov.co/Public/Tendering/OpportunityDetail/Index?noticeUID=CO1.NTC.4960258","702995937","Adjudicado"
"DIRECCIÓN TERRITORIAL DE SALUD DE CALDAS","800114312","Caldas","Manizales","Territorial","Centralizada","CO1.REQ.5647669","DTSC-CD-190-2024","700588015","CO1.BDOS.5515122","Prestación de servicios de apoyo a la gestión","Prestar servicios técnicos para apoyar la gestión de la salud pública en la Dimensión de Salud Ambiental en el municipio de LA MERCED del departamento de Caldas.","Presentación de oferta","2024-01-29T00:00:00.000","2024-01-29T00:00:00.000",,,,,"2024-01-29T00:00:00.000","12553133","Contratación directa","Servicios profesionales y apoyo a la gestión","151","día(s)",,,,"Manizales","Gestión Contractual","0","0","0","0","0","0","0","0","0","Seleccionado","70","No","No Adjudicado","710228446","Caldas","La Merced",,"0","No Adjudicado","ENITH LILIANA MARIN RODRIGUEZ","29684572","V1.80111701","Abierto","Prestación de servicios","No Definido","No definido","https://community.secop.gov.co/Public/Tendering/OpportunityDetail/Index?noticeUID=CO1.NTC.5539067","700588015","Adjudicado"
"SUBRED INTEGRADA DE SERVICIO DE SALUD CENTRO ORIENTE E.S.E 1","900959051","Distrito Capital de Bogotá","No Definido","Territorial","Centralizada","CO1.REQ.1775940","TECNICO LABORAL II - AUXILIAR ENFERMERIA II","702769076","CO1.BDOS.1725643","PRESTAR SERVICIOS COMO TECNICO LABORAL II - AUXILIAR ENFERMERIA II","PRESTAR SERVICIOS DE ACUERDO A SU PERFIL ACADÉMICO PARA DESARROLLAR ACTIVIDADES (DE SU PROFESIÓN), CON DISPONIBILIDAD EN CUMPLIMIENTO DE LA MISIÓN Y LA VISIÓN DE LA SUBRED INTEGRADA DE SERVICIOS DE SALUD CENTRO ORIENTE E.S.E.","Presentación de oferta","2021-02-02T00:00:00.000","2021-02-02T00:00:00.000",,,,,"2021-02-02T00:00:00.000","3525120","Contratación régimen especial","Regla aplicable","60","día(s)",,,,"Bogotá","CONTRATACION OPS 2020","0","0","0","0","0","0","0","0","0","Seleccionado","70","No","No Adjudicado","708000112","Distrito Capital de Bogotá","Bogotá",,"0","No Adjudicado","Nubia Suarez Higuera","52098805","V1.80111600","Abierto","Prestación de servicios","No Definido","No definido","https://community.secop.gov.co/Public/Tendering/OpportunityDetail/Index?noticeUID=CO1.NTC.1723897","702769076","Adjudicado"
"INSTITUTO DISTRITAL DE PATRIMONIO CULTURAL","860506170","Distrito Capital de Bogotá","Bogotá","Territorial","Centralizada","CO1.REQ.1870960","IDPC-PSP-271-2021","702284290","CO1.BDOS.1820262","Prestar servicios profesionales al Instituto Distrital de Patrimonio Cultural para recopilar la información existente en torno a inventarios de patrimonio cultural urbano e inmueble realizados por el","Prestar servicios profesionales al Instituto Distrital de Patrimonio Cultural para recopilar la información existente en torno a inventarios de patrimonio cultural urbano e inmueble realizados por el IDPC y otras entidades del orden nacional, distrital y académicas, analizando la información documental, planimétrica, fotográfica, entre otras fuentes de información.","Presentación de oferta","2021-03-03T00:00:00.000","2021-03-03T00:00:00.000",,,,,"2021-03-03T00:00:00.000","39354700","Contratación directa","Servicios profesionales y apoyo a la gestión","7","Mes(es)",,,,"Bogotá","ASESORA JURIDICA","0","0","0","0","0","0","0","0","0","Seleccionado","70","No","No Adjudicado","711540260","Distrito Capital de Bogotá","Bogotá",,"0","No Adjudicado","FRANCISCO PINZÓN RIAÑO","80187481","V1.93141707","Abierto","Prestación de servicios","No Definido","No definido","https://community.secop.gov.co/Public/Tendering/OpportunityDetail/Index?noticeUID=CO1.NTC.1816808","702284290","Adjudicado"
"INSTITUCION EDUCATIVA MADRE AMALIA","823000483","Sucre","Sincelejo","Territorial","Centralizada","CO1.REQ.5375017","018-2023","705875102","CO1.BDOS.5257753","MANTENIMIENTO DE SILLAS; MANTENIMIENTO PREVENTIVO Y CORRECTIVO DE AIRES ACONDICIONADOS; SUMINISTRO E INSTALACIONDE REFLECTORES Y ARREGLO PUERTA PRINCIPAL DE LA INSTITUCIÓN EDUCATIVA MADRE AMALIA DE SI","MANTENIMIENTO DE SILLAS, MANTENIMIENTO PREVENTIVO Y CORRECTIVO DE AIRES ACONDICIONADOS, SUMINISTRO E INSTALACIONDE REFLECTORES Y ARREGLO PUERTA PRINCIPAL DE LA INSTITUCIÓN EDUCATIVA MADRE AMALIA DE SINCELEJO","Presentación de oferta","2023-12-02T00:00:00.000","2023-12-02T00:00:00.000",,,,,"2023-12-02T00:00:00.000","4782800","Contratación régimen especial","Regla aplicable","10","día(s)",,,,"Sincelejo","PAGADURIA","0","0","0","0","0","0","0","0","0","Publicado","50","No","No Adjudicado","No Definido","No Definido","No Definido",,"0","No Adjudicado","No Definido","No Definido","V1.72151500","Abierto","Prestación de servicios","No Definido","No definido","https://community.secop.gov.co/Public/Tendering/OpportunityDetail/Index?noticeUID=CO1.NTC.5270983","705875102","Presentación de oferta"
"AGENCIA NACIONAL DE TIERRAS - ANT","900948953","Distrito Capital de Bogotá","Bogotá","Nacional","Centralizada","CO1.REQ.5082379","ANT-CPS-20235728","702066010","CO1.BDOS.4971385","PRESTACION DE SERVICIOS PROFESIONALES Y/O APOYO A LA GESTION PARA EL GRUPO INTERNO DE TRABAJO PARA LA GESTION CONTRACTUAL","Prestar por sus propios medios, con plena autonomía técnica y administrativa sus servicios profesionales en los procesos que se adelanten en relación con los asuntos contractuales de la Agencia Nacional de Tierras.","Presentación de oferta","2023-09-21T00:00:00.000","2023-09-21T00:00:00.000",,,,,"2023-09-21T00:00:00.000","33765264","Contratación directa","Servicios profesionales y apoyo a la gestión","4","Mes(es)",,,,"Bogotá","GESTIÓN CONTRACTUAL","0","0","0","0","0","0","0","0","0","Seleccionado","70","No","No Adjudicado","702744426","Distrito Capital de Bogotá","No Definido",,"0","No Adjudicado","KAREN VERONICA PINZON CORTES","52440079","V1.80111600","Abierto","Prestación de servicios","No Definido","No definido","https://community.secop.gov.co/Public/Tendering/OpportunityDetail/Index?noticeUID=CO1.NTC.4981750","702066010","Adjudicado"
"FONDO NACIONAL AMBIENTAL - ANLA","830025267","Distrito Capital de Bogotá","No Definido","Nacional","Centralizada","CO1.REQ.666418","CD 083 DE 2019","701160020","CO1.BDOS.645345","PRESTACIÓN DE SERVICIOS PROFESIONALES","Prestar servicios profesionales para apoyar todas las actuaciones judiciales, extrajudiciales y administrativas de la Autoridad Nacional de Licencias Ambientales  ANLA.","Presentación de oferta","2019-01-04T00:00:00.000","2019-01-04T00:00:00.000",,,,,"2019-01-04T00:00:00.000","37800000","Contratación directa","Servicios profesionales y apoyo a la gestión","7","Mes(es)",,,,"No Aplica","GRUPO DE CONTRATOS","0","0","0","0","0","0","0","0","0","Seleccionado","70","No","No Adjudicado","703642959","Distrito Capital de Bogotá","No Definido",,"0","No Adjudicado","LORENA DEL PILAR RIAÑO GARCIA","1026269620","V1.80121601","Abierto","Prestación de servicios","No Definido","No definido","https://community.secop.gov.co/Public/Tendering/OpportunityDetail/Index?noticeUID=CO1.NTC.645128","701160020","Adjudicado"
"MUNICIPIO DE PEREIRA-OFICIAL","891480030","Risaralda","Pereira","Territorial","Centralizada","CO1.REQ.3993693","SMP-CD-726-2023","702259557","CO1.BDOS.3898528","CONTRATAR LA PRESTACION DE SERVICIOS PROFESIONALES PARA EL FORTALECIMIENTO DE LOS PROCESOS DE ADMINISTRACIÓN DOCUMENTAL ADELANTADOS POR LA SUBSECRETARIA DE ORDENAMIENTO TERRITORIAL Y DESARROLLO URBANO","CONTRATAR LA PRESTACION DE SERVICIOS PROFESIONALES PARA EL FORTALECIMIENTO DE LOS PROCESOS DE ADMINISTRACIÓN DOCUMENTAL ADELANTADOS POR LA SUBSECRETARIA DE ORDENAMIENTO TERRITORIAL Y DESARROLLO URBANO EN EL MARCO DEL PROYECTO DE INVERSION  FORMULACIÓN REVISIÓN E IMPLEMENTACIÓN DE LOS INSTRUMENTOS DE PLANIFICACIÓN, GESTIÓN Y FINANCIACIÓN EN EL MUNICIPIO DE PEREIRA","Presentación de oferta","2023-02-02T00:00:00.000","2023-02-02T00:00:00.000",,,,,"2023-02-02T00:00:00.000","21301000","Contratación directa","Servicios profesionales y apoyo a la gestión","210","día(s)",,,,"Pereira","SECRETARIA DE PLANEACIÓN","0","0","0","0","0","0","0","0","0","Seleccionado","70","No","No Adjudicado","709674089","Risaralda","Pereira",,"0","No Adjudicado","Jhonathan David Osorio Anquiz","1088261160","V1.80111600","Abierto","Prestación de servicios","No Definido","No definido","https://community.secop.gov.co/Public/Tendering/OpportunityDetail/Index?noticeUID=CO1.NTC.3910539","702259557","Adjudicado"
"PERSONERIA DISTRITAL DE SANTIAGO DE CALI","805003895","Valle del Cauca","Cali","Territorial","Centralizada","CO1.REQ.3933492","CD-2023-098","701511206","CO1.BDOS.3838185","PRESTACIÓN DE SERVICIOS PROFESIONALES DE APOYO A LA GESTIÓN","PRESTAR LOS SERVICIOS PROFESIONALES DE APOYO A LA GESTIÓN COMO
ABOGADA ESPECIALIZADA, BRINDANDO APOYO EN LAS ACTIVIDADES
CONTRACTUALES ADELANTADAS POR EL PROCESO DE GESTIÓN DE
LEGALIDAD DE LA OFICINA ASESORA JURÍDICA DE LA PERSONERÍA
DISTRITAL DE SANTIAGO DE CALI.","Presentación de oferta","2023-01-25T00:00:00.000","2023-01-25T00:00:00.000",,,,,"2023-01-25T00:00:00.000","15000000","Contratación directa","Servicios profesionales y apoyo a la gestión","65","día(s)",,,,"Cali","PERSONERIA DISTRITAL DE SANTIAGO DE CALI","0","0","0","0","0","0","0","0","0","Seleccionado","70","No","No Adjudicado","702806092","Distrito Capital de Bogotá","Bogotá",,"0","No Adjudicado","DIANA MARCELA LEON NUÑEZ","53167252","V1.80111501","Abierto","Prestación de servicios","No Definido","No definido","https://community.secop.gov.co/Public/Tendering/OpportunityDetail/Index?noticeUID=CO1.NTC.3841745","701511206","Adjudicado"
"MUNICIPIO DE TENJO","800095174","Cundinamarca","Tenjo","Territorial","Centralizada","CO1.REQ.5778055","CD-PS-PSAG-116-2024","704060474","CO1.BDOS.5661632","PRESTACIÓN DE SERVICIOS DE APOYO A LA GESTIÓN PARA LA ELABORACIÓN DE BASES DE DATOS DE LOS IMPUESTOS DE INDUSTRIA Y COMERCIO; ALUMBRADO PÚBLICO; SOBRETASA A LA GASOLINA E INFORMACIÓN EXÓGENA EN LA SEC","PRESTACIÓN DE SERVICIOS DE APOYO A LA GESTIÓN PARA LA ELABORACIÓN DE BASES DE DATOS DE LOS IMPUESTOS DE INDUSTRIA Y COMERCIO, ALUMBRADO PÚBLICO, SOBRETASA A LA GASOLINA E INFORMACIÓN EXÓGENA EN LA SECRETARIA DE HACIENDA DEL MUNICIPIO DE TENJO","Presentación de oferta","2024-02-15T00:00:00.000","2024-02-15T00:00:00.000",,,,,"2024-02-15T00:00:00.000","15000000","Contratación directa","Servicios profesionales y apoyo a la gestión","6","Mes(es)",,,,"Tenjo","SEC. JURIDICA Y DE ASUNTOS LEGALES","0","0","0","0","0","0","0","0","0","Seleccionado","70","No","No Adjudicado","No Definido","No Definido","No Definido",,"0","No Adjudicado","No Definido","No Definido","V1.80111601","Abierto","Prestación de servicios","No Definido","No definido","https://community.secop.gov.co/Public/Tendering/OpportunityDetail/Index?noticeUID=CO1.NTC.5669316","704060474","Adjudicado"
"Empresa Social del Estado HOSPITAL DE LA VEGA//","900807482","Cundinamarca","La Vega","Territorial","Centralizada","CO1.REQ.3775295","579-2022","704729789","CO1.BDOS.3679495","PHARMA MEDICAL SERVICES S.A.S","HOSPITAL DE LA VEGA, EN EJECUCIÓN DEL CONVENIOS INTERADMINISTRATIVOS N° SS-CDCTI-625-2022 Y SS-CDCTI-625-868 2022,  SUSCRITOS CON EL DEPARTAMENTO DE CUNDINAMARCA - SECRETARIA DE SALUD.","Presentación de oferta","2022-12-29T00:00:00.000","2022-12-29T00:00:00.000",,,,,"2022-12-29T00:00:00.000","119639418","Contratación régimen especial","Decreto 092 de 2017","6","día(s)",,,,"La Vega","SERVICIOS  TECNICOS ASISTENCIALES OPERACION  DE LA E.S.E","0","0","0","0","0","0","0","0","0","Publicado","50","No","No Adjudicado","No Definido","No Definido","No Definido",,"0","No Adjudicado","No Definido","No Definido","V1.80111701","Abierto","Decreto 092 de 2017","No Definido","No definido","https://community.secop.gov.co/Public/Tendering/OpportunityDetail/Index?noticeUID=CO1.NTC.3687523","704729789","Presentación de oferta"
"DEPARTAMENTO DE CUNDINAMARCA SECRETARIA DE AGRICULTURA Y DESARROLLO RURAL","899999114","Distrito Capital de Bogotá","No Definido","Territorial","Centralizada","CO1.REQ.2802609","SADR-CPS-031-2022","702330481","CO1.BDOS.2725689","SADR-CPS-031-2022","Prestación de servicios profesionales al área social a la implementación de la estrategia ZODAS en el Departamento de Cundinamarca.","Presentación de oferta","2022-01-26T00:00:00.000","2022-01-26T00:00:00.000",,,,,"2022-01-26T00:00:00.000","36764344","Contratación directa","Servicios profesionales y apoyo a la gestión","8","Mes(es)",,,,"Bogotá","CONTRATACIÓN SADR","0","0","0","0","0","0","0","0","0","Seleccionado","70","No","No Adjudicado","No Definido","No Definido","No Definido",,"0","No Adjudicado","No Definido","No Definido","V1.80101600","Abierto","Prestación de servicios","No Definido","No definido","https://community.secop.gov.co/Public/Tendering/OpportunityDetail/Index?noticeUID=CO1.NTC.2725866","702330481","Adjudicado"
"DEPARTAMENTO DE CUNDINAMARCA SECRETARIA DE AGRICULTURA Y DESARROLLO RURAL","899999114","Distrito Capital de Bogotá","No Definido","Territorial","Centralizada","CO1.REQ.2802609","SADR-CPS-031-2022","702330481","CO1.BDOS.2725689","SADR-CPS-031-2022","Prestación de servicios profesionales al área social a la implementación de la estrategia ZODAS en el Departamento de Cundinamarca.","Presentación de oferta","2022-01-26T00:00:00.000","2022-01-26T00:00:00.000",,,,,"2022-01-26T00:00:00.000","36764344","Contratación directa","Servicios profesionales y apoyo a la gestión","8","Mes(es)",,,,"Bogotá","CONTRATACIÓN SADR","0","0","0","0","0","0","0","0","0","Seleccionado","70","No","No Adjudicado","No Definido","No Definido","No Definido",,"0","No Adjudicado","No Definido","No Definido","V1.80101600","Abierto","Prestación de servicios","No Definido","No definido","https://community.secop.gov.co/Public/Tendering/OpportunityDetail/Index?noticeUID=CO1.NTC.2725866","702330481","Adjudicado"
